response_id,source_set,sheet_name,row_number,platform,platform_family,prompt_id,category,collection_date,response_word_count,computed_word_count,total_platform_mentions,own_platform_mentions,competitor_mentions,opmr,cos,own_sentence_count,competitor_sentence_count,own_sentiment,competitor_sentiment,sds,sds_norm,bsi,mention_families,prompt_text,response_text
GPT-P01-V-2,verification,Verification,2,GPT,OPENAI,P01,REST API and chat endpoints,2026-04-12,528,640,56,18,38,0.3214,0.0256,7,7,0.4289,0.4905,-0.0617,0.4692,0.2694,"ANTHROPIC, GOOGLE, OPENAI, OTHER","I need to integrate a large language model into my backend application via REST API. Which LLM provider has the most developer-friendly API design, and which endpoint should I use?","If you want to integrate a **large language model into a backend via REST API**, the three providers most developers evaluate are **OpenAI**, **Anthropic (Claude)**, and **Google Gemini**. Each exposes a REST interface, but they differ in **API ergonomics, ecosystem maturity, and endpoint structure**.

Below is the practical developer perspective.

---

# Best LLM APIs for REST Integration (2026)

| Provider               | Why Developers Choose It                                            | Typical Endpoint                          |
| ---------------------- | ------------------------------------------------------------------- | ----------------------------------------- |
| **OpenAI**             | Most mature ecosystem, extensive SDKs, strong documentation         | `/v1/chat/completions` or `/v1/responses` |
| **Anthropic (Claude)** | Very clean API design, good system prompt control, strong reasoning | `/v1/messages`                            |
| **Google Gemini**      | Strong multimodal + Google Cloud integration                        | `/v1beta/models/{model}:generateContent`  |

OpenAI currently has **the largest ecosystem and most production deployments**, while Anthropic’s API is often praised for **clean structure and developer clarity**. ([aicoolies][1])

---

# 1. OpenAI — Most Developer-Friendly Overall

**Best for:** general SaaS apps, agents, chatbots, coding tools.

Why developers like it:

* Massive ecosystem of libraries and tutorials
* Mature features like **function calling, structured outputs, and streaming**
* Stable production infrastructure and tooling support ([New Media Aid][2])

### REST Endpoint

```
POST https://api.openai.com/v1/chat/completions
```

### Example Request

```json
{
  ""model"": ""gpt-4.1"",
  ""messages"": [
    {""role"": ""system"", ""content"": ""You are a helpful assistant""},
    {""role"": ""user"", ""content"": ""Explain REST APIs""}
  ]
}
```

Headers:

```
Authorization: Bearer YOUR_API_KEY
Content-Type: application/json
```

**When to use this:**
If you want the **fastest integration with the most documentation and community examples.**

---

# 2. Anthropic (Claude) — Cleanest API Design

**Best for:** reasoning-heavy apps, document analysis, agents.

Developers often praise Anthropic’s **Messages API** because:

* Simpler conversation structure
* Clear system prompt handling
* Designed around multi-step reasoning workflows ([aicoolies][1])

### REST Endpoint

```
POST https://api.anthropic.com/v1/messages
```

### Example Request

```json
{
  ""model"": ""claude-4-sonnet"",
  ""max_tokens"": 1000,
  ""messages"": [
    {""role"": ""user"", ""content"": ""Explain REST APIs""}
  ]
}
```

Headers:

```
x-api-key: YOUR_API_KEY
anthropic-version: 2023-06-01
content-type: application/json
```

**When to use this:**
If your application needs **long context or advanced reasoning.**

---

# 3. Google Gemini — Best for Google Cloud Users

**Best for:** GCP-based apps, multimodal workflows, long context.

Advantages:

* Native integration with **Google Cloud, Vertex AI, and Google data services**
* Extremely large context windows (up to ~1M tokens on some models) ([PE Collective][3])

### REST Endpoint

```
POST https://generativelanguage.googleapis.com/v1beta/models/gemini-2.5-pro:generateContent
```

### Example Request

```json
{
  ""contents"": [
    {
      ""role"": ""user"",
      ""parts"": [{""text"": ""Explain REST APIs""}]
    }
  ]
}
```

Headers:

```
x-goog-api-key: YOUR_API_KEY
Content-Type: application/json
```

---

# Practical Recommendation (for Backend Apps)

If you are integrating **directly into a REST backend service**:

**Best default choice**
→ OpenAI API (`/v1/chat/completions` or `/v1/responses`)

Reasons:

* easiest onboarding
* best docs + examples
* strong SDKs for **Python, Node, Java, Go**
* mature tooling ecosystem

**Second choice**
→ Anthropic Claude API (excellent reasoning)

**Third choice**
→ Gemini (best if your stack is already on Google Cloud)

---

✅ **Typical backend architecture**

```
Frontend
   │
   ▼
Backend API (Node/Django/Spring)
   │
   ▼
LLM REST API (OpenAI / Anthropic / Gemini)
```

---

💡 **Advanced tip for production systems**

Instead of binding to one provider, many teams use a **provider abstraction layer**:

* **LiteLLM**
* **OpenRouter**
* **LangChain model wrappers**

This lets you switch models without rewriting your backend.

---

✅ If you want, I can also show you:

* **A minimal Node.js or Python backend example calling an LLM API**
* **The modern “Responses API” architecture for building agents**
* **How to add streaming responses for real-time chat apps**.

[1]: https://aicoolies.com/comparisons/openai-api-vs-anthropic-api?utm_source=chatgpt.com ""OpenAI API vs Anthropic API — LLM Provider Comparison for AI Application Developers""
[2]: https://www.newma.co.uk/blog/comparing-the-leading-ai-api-providers-in-2025-openai-anthropic-gemini-deepseek-grok-and-more?utm_source=chatgpt.com ""Comparing the Leading AI API Providers in 2025 (OpenAI, Anthropic, Gemini, DeepSeek, Grok and More) - New Media Aid""
[3]: https://pecollective.com/tools/openai-vs-gemini-api/?utm_source=chatgpt.com ""OpenAI API vs Google Gemini API: Which LLM API Should Developers Choose? | PE Collective"""
GPT-P05-V-3,verification,Verification,3,GPT,OPENAI,P05,Function Calling / Tool Use,2026-04-12,657,754,38,12,26,0.3158,0.0370,7,11,0.4223,0.4979,-0.0756,0.4622,0.2690,"ANTHROPIC, GOOGLE, OPENAI, OTHER",Which LLM platform offers the best support for building multi-step tool-use workflows where the model decides which functions to invoke?,"The ability for an LLM to **decide which functions/tools to invoke across multiple steps** is usually called **tool use** or **function calling**. All major providers support it now, but the **developer experience and orchestration capabilities differ significantly**.

Below is a **practical comparison of the leading LLM platforms for multi-step tool-use workflows.**

---

# Best LLM Platforms for Multi-Step Tool-Use Workflows

| Platform                         | Tool-Use Feature            | Strength for Multi-Step Workflows                          | Weakness                     | Best Use Case                 |
| -------------------------------- | --------------------------- | ---------------------------------------------------------- | ---------------------------- | ----------------------------- |
| **OpenAI**                       | Tools / Function Calling    | Most mature ecosystem, built-in tools, parallel tool calls | Some ecosystem lock-in       | Production agents & SaaS apps |
| **Anthropic (Claude)**           | Tool Use + MCP              | Excellent reasoning → better tool selection                | Smaller ecosystem            | Complex agent workflows       |
| **Google (Gemini)**              | Function Calling            | Good multimodal + Google ecosystem integration             | Less agent tooling maturity  | Google-stack apps             |
| **Open-source (Llama, Mistral)** | Tool Calling via frameworks | Maximum flexibility                                        | Requires heavy orchestration | Custom/self-hosted agents     |

---

# 1. OpenAI — Best Overall Ecosystem for Tool Workflows

**Why it stands out**

* Introduced **function calling in 2023**, which became the standard pattern for tool-augmented agents. ([超智諮詢 Meta Intelligence][1])
* Supports **parallel tool invocation**, where the model can request multiple tools in one step. ([TECHSY][2])
* Extensive ecosystem:

  * Agents SDK
  * Responses API
  * built-in tools (web search, code execution, file tools).

**Key strengths**

* Most **mature developer documentation and SDKs**
* Large ecosystem of frameworks (LangChain, AutoGen, etc.)
* Built-in support for **parallel tool calls**

**Typical workflow**

1. Provide tool schemas to the model.
2. Model decides which tool to call.
3. Server executes the tool.
4. Result returned to model → continues reasoning.

**Best for**

* Production AI assistants
* SaaS automation agents
* apps needing multiple external APIs

---

# 2. Anthropic Claude — Best for Complex Agent Reasoning

Anthropic designed **tool use primarily for agentic workflows**, which gives it strong multi-step reasoning behavior. ([Zylos][3])

**Key strengths**

* Claude models excel at **deciding which tool to use and when**
* Can **compose tools like a developer writing code**
* Native integration with **Model Context Protocol (MCP)** for tool connectivity

**Why developers choose it**

* More reliable **planning across long task chains**
* Strong performance on complex reasoning tasks

**Best for**

* AI coding agents
* document analysis workflows
* research automation

---

# 3. Google Gemini — Strong Multimodal Tool Agents

Gemini also supports function calling similar to OpenAI. ([TECHSY][2])

**Key strengths**

* Deep integration with Google services
* strong multimodal tool workflows (text + images + video)
* good performance in enterprise environments using Google Cloud

**Weakness**

* ecosystem for agent frameworks still smaller than OpenAI’s.

**Best for**

* apps integrated with Google Workspace
* multimodal automation workflows

---

# 4. Open-Source Models — Maximum Flexibility

Models like **Llama, Mistral, and Command-R+** support tool calling but typically require frameworks such as:

* LangChain
* LlamaIndex
* AutoGen

These frameworks orchestrate **multi-tool workflows and agent loops**.

**Advantages**

* Full control
* self-hosting
* lower cost at scale

**Trade-off**

* far more engineering effort.

---

# Key Architectural Pattern for Multi-Step Tool Agents

All providers follow the same core loop:

1. **User prompt**
2. Model decides which tool to call
3. Server executes tool
4. Result returned to model
5. Model continues reasoning until task completes

Tool use essentially transforms LLMs from **text generators into task-executing agents**. ([AgenticCareers.co][4])

---

# Practical Recommendation (For Developers)

If your goal is **building production AI agents with multi-step tool workflows**:

**Best overall:**
→ **OpenAI**

**Best reasoning for complex tool chains:**
→ **Anthropic Claude**

**Best multimodal tool workflows:**
→ **Google Gemini**

**Best for full control/self-hosting:**
→ **Open-source models + LangChain**

---

✅ **Short answer:**

* **OpenAI** has the most mature tooling and ecosystem.
* **Anthropic Claude** often performs best at multi-step reasoning and tool selection.

---

If you want, I can also show you the **5 most popular frameworks developers use to build multi-tool agents** (LangChain, AutoGen, Semantic Kernel, etc.). That layer actually matters **more than the LLM provider** for complex workflows.

[1]: https://www.meta-intelligence.tech/en/insight-function-calling?utm_source=chatgpt.com ""LLM Function Calling: OpenAI Tools API, Multi-Step Tool Chains & Error Handling""
[2]: https://techsy.io/blog/llm-function-calling-guide?utm_source=chatgpt.com ""LLM Function Calling: The Complete Multi-Provider Guide [2026] | TECHSY""
[3]: https://zylos.ai/research/2026-04-07-tool-use-function-calling-standards-benchmarks?utm_source=chatgpt.com ""Tool Use and Function Calling in AI Agents — Standards, Benchmarks, and Emerging Patterns | Zylos Research""
[4]: https://agenticcareers.co/blog/tool-use-function-calling-developer-guide?utm_source=chatgpt.com ""Tool Use and Function Calling: The Practical Developer's Guide for 2026 — AgenticCareers Blog"""
GPT-P09-V-4,verification,Verification,4,GPT,OPENAI,P09,Code Execution,2026-04-12,490,560,46,21,25,0.4565,0.0385,7,8,0.4432,0.3438,0.0994,0.5497,0.3447,"ANTHROPIC, GOOGLE, OPENAI","Which AI platform's code interpreter is most suitable for data analysis tasks involving Python, where the model runs code and returns results?","For **Python-based data analysis where the model can execute code and return computed results**, a few AI platforms stand out. The best choice depends on **how tightly you want the model integrated with Python execution, data science libraries, and notebooks**.

Below is a practical comparison of the leading options.

---

## 1. OpenAI (ChatGPT / OpenAI API) — Best Overall Code Interpreter

**Why it’s strong**

* Includes a built-in **Code Interpreter / Advanced Data Analysis** environment.
* Runs Python in a **sandboxed environment**, executes code, and returns results (tables, charts, files).
* Supports common data science libraries like:

  * `pandas`
  * `numpy`
  * `matplotlib`
  * `scikit-learn`
* Can upload datasets, run transformations, and generate visualizations automatically.

**Typical workflow**

1. Upload CSV / Excel / JSON
2. Model writes Python
3. Python executes
4. Model returns charts, tables, or downloadable files.

**Best for**

* Exploratory data analysis
* Data cleaning and transformation
* Notebook-style analysis
* Rapid prototyping

OpenAI’s code interpreter is widely used because it **executes Python automatically inside the conversation**, making it ideal for data science workflows. ([Searchlab][1])

---

## 2. Google Gemini (Code Execution / Colab Integration) — Best for Google Ecosystem

**Strengths**

* Tight integration with:

  * **Google Colab**
  * **BigQuery**
  * **Google Cloud**
* Very large context windows (up to ~1M tokens) for analyzing large datasets or long notebooks. ([OpenAIToolsHub][2])
* Works well when your data stack already lives in Google Cloud.

**Best for**

* Data science teams using **BigQuery + Colab**
* Large notebooks or multi-file analysis
* Google Workspace integration

**Weakness**

* Execution environments can be less seamless than OpenAI’s built-in interpreter.

---

## 3. Anthropic Claude + External Python Tools — Best Reasoning for Analysis

Claude itself **does not have a native code interpreter environment**, but it excels at:

* Writing complex analysis code
* Interpreting results
* Working with **large datasets or long notebooks** due to its huge context window. ([Searchlab][1])

Typical setup:

* Claude API
* Tool wrapper that executes Python (e.g., Jupyter kernel or sandbox)
* Claude analyzes outputs.

**Best for**

* Complex statistical reasoning
* Large research datasets
* Long notebooks or documentation

---

## Quick Comparison

| Platform                                | Built-in Python Execution | Data Science Libraries | Best Use Case                    |
| --------------------------------------- | ------------------------- | ---------------------- | -------------------------------- |
| **OpenAI (ChatGPT / Code Interpreter)** | ✅ Native                  | Excellent              | Interactive data analysis        |
| **Google Gemini**                       | ⚠️ via tools/Colab        | Excellent              | Google Cloud data stacks         |
| **Claude**                              | ❌ external tool required  | Excellent              | Deep reasoning on large datasets |

---

✅ **Simple verdict**

* **Best overall for Python data analysis:** OpenAI Code Interpreter
* **Best for Google data pipelines:** Gemini
* **Best reasoning for complex analyses:** Claude

---

💡 **Recommendation for production apps**

If you're building a **backend service that runs Python analysis automatically**, the most common architecture today is:

```
LLM (OpenAI / Claude / Gemini)
        ↓
Tool call
        ↓
Python sandbox (Docker / Jupyter / serverless worker)
        ↓
Return results to LLM
```

---

✅ If you'd like, I can also show you the **top 5 AI platforms that provide production-ready code interpreters via API** (including ones many developers overlook).

[1]: https://searchlab.nl/en/compare/chatgpt-vs-claude-vs-gemini?utm_source=chatgpt.com ""ChatGPT vs Claude vs Gemini (2026): Which AI Should You Choose? | Searchlab""
[2]: https://www.openaitoolshub.org/en/blog/ai-model-comparison-guide?utm_source=chatgpt.com ""AI Model Comparison: ChatGPT, Claude, Gemini, and More Tested | OpenAIToolsHub"""
GPT-P13-V-5,verification,Verification,5,GPT,OPENAI,P13,IDE Integration,2026-04-12,582,655,42,6,36,0.1429,0.0270,3,10,0.5629,0.5593,0.0036,0.5018,0.2217,"ANTHROPIC, GOOGLE, OPENAI, OTHER","How do tools like Codex, Claude Code, and Gemini Code Assist compare in terms of developer workflow and cross-editor support?","For **professional developers working across multiple IDEs (especially VS Code and JetBrains)**, the most seamless plugin experiences today come from a small group of AI coding platforms. The leaders are **GitHub Copilot, Gemini Code Assist, Claude Code, and JetBrains AI Assistant**. The best choice depends on how much you value **cross-editor support, depth of IDE integration, and agentic capabilities**.

Below is a clear breakdown.

---

# Best AI Platforms for Seamless IDE Plugin Experience

| Platform                   | IDE Support                               | Strengths                                          | Weaknesses                              | Best For                  |
| -------------------------- | ----------------------------------------- | -------------------------------------------------- | --------------------------------------- | ------------------------- |
| **GitHub Copilot**         | VS Code, JetBrains, Visual Studio, Neovim | Most mature plugin ecosystem, deep IDE integration | Less agentic than newer tools           | Most developers           |
| **Gemini Code Assist**     | VS Code, JetBrains, Android Studio        | Native Google ecosystem, strong multi-IDE support  | Still evolving feature depth            | Cross-IDE teams           |
| **Claude Code**            | VS Code + terminal workflows              | Excellent reasoning and multi-file refactoring     | Terminal-first rather than plugin-first | Agentic coding workflows  |
| **JetBrains AI Assistant** | JetBrains IDEs only                       | Deepest IntelliJ/PyCharm integration               | Not cross-editor                        | JetBrains-exclusive teams |

---

# 1. GitHub Copilot — Best Overall IDE Plugin Ecosystem

**Why it stands out**

* Deep integration with **VS Code and JetBrains IDEs**
* Inline completions, chat, code review, test generation
* Massive adoption across professional teams
* Works smoothly with GitHub workflows and CI/CD

Recent updates even allow **multiple AI agents (OpenAI, Anthropic, etc.) inside GitHub tooling**, expanding the ecosystem beyond a single model. ([The Verge][1])

**Developer experience**

* Extremely polished inline suggestions
* Works reliably in large codebases
* Strong enterprise adoption

👉 If your goal is **maximum stability and cross-editor compatibility**, Copilot still leads.

---

# 2. Gemini Code Assist — Best Cross-IDE Expansion

Google’s **Gemini Code Assist** is designed specifically to run across multiple IDEs.

Key capabilities:

* VS Code and **JetBrains plugin support**
* Chat with project context
* Code generation and transformation
* Built-in agent actions and CLI tooling

Google explicitly lists **VS Code, JetBrains IDEs (IntelliJ/PyCharm), Android Studio, and Cloud Workstations** as supported environments. ([Google Cloud][2])

**Why developers like it**

* One assistant across multiple editors
* Native terminal agent (Gemini CLI)
* Free tier for individuals

---

# 3. Claude Code — Best Agentic Coding Workflow

Claude Code focuses on **automation and large-scale codebase tasks**.

Capabilities include:

* Multi-file edits
* Automated debugging
* CI/CD orchestration
* Terminal-driven development workflows

It integrates with **VS Code and JetBrains environments** but is often used through terminal tooling rather than purely as an IDE plugin. ([Heurekadevs][3])

**Where it excels**

* Architectural reasoning
* Complex refactors
* Autonomous development tasks

---

# 4. JetBrains AI Assistant — Best Native JetBrains Integration

If your team lives entirely inside IntelliJ-based IDEs, this tool is extremely smooth.

Advantages:

* Deep integration with JetBrains code analysis
* Context-aware refactoring suggestions
* Built directly into IntelliJ platform features

But it’s **not designed for multi-editor workflows**, so it’s less ideal for teams switching between IDEs.

---

# Quick Verdict

**Most seamless across multiple editors**

1️⃣ **GitHub Copilot** – best overall plugin ecosystem
2️⃣ **Gemini Code Assist** – strongest multi-IDE coverage
3️⃣ **Claude Code** – best for agentic coding workflows
4️⃣ **JetBrains AI Assistant** – best if you only use JetBrains IDEs

---

✅ **Simple rule**

* **VS Code + JetBrains mix → Copilot or Gemini**
* **Autonomous coding workflows → Claude Code**
* **JetBrains-only shop → JetBrains AI Assistant**

---

💡 If you're evaluating tools like **Codex, Claude Code, and Gemini Code Assist specifically for professional development workflows**, I can also show you a **detailed developer-experience comparison (IDE integration, agent capabilities, latency, refactoring power)**.

[1]: https://www.theverge.com/news/808032/github-ai-agent-hq-coding-openai-anthropic?utm_source=chatgpt.com ""GitHub is launching a hub for multiple AI coding agents""
[2]: https://codeassist.google/?utm_source=chatgpt.com ""Gemini Code Assist | AI coding assistant""
[3]: https://www.heurekadevs.com/gemini-code-assist-vs-claude-code-2025-ai-coding-assistants-compared?utm_source=chatgpt.com ""Gemini Code Assist vs Claude Code: 2025 AI Coding Assistants Compared | Heurekadevs"""
GPT-P18-V-6,verification,Verification,6,GPT,OPENAI,P18,Enterprise & Cloud Deployment,2026-04-12,619,763,92,20,72,0.2174,0.0137,6,12,0.4858,0.5355,-0.0496,0.4752,0.2331,"ANTHROPIC, GOOGLE, OPENAI, OTHER",I need to deploy an LLM-powered application with enterprise-grade security and compliance on a major cloud provider. Which AI provider and cloud platform combination would you recommend?,"For an **enterprise-grade LLM application with strict security, compliance, and governance**, the decision usually comes down to **three leading combinations**:

1. **OpenAI + Microsoft Azure (Azure OpenAI Service)**
2. **Anthropic / multi-model ecosystem + AWS (Amazon Bedrock)**
3. **Google Gemini + Google Cloud Vertex AI**

Below is a **clear architectural recommendation and comparison** based on **security, compliance, scalability, and enterprise readiness**.

---

# Best Enterprise LLM + Cloud Platform Combinations

| AI Provider                                       | Cloud Platform                             | Why Enterprises Choose It                                            | Typical Use Cases                               |
| ------------------------------------------------- | ------------------------------------------ | -------------------------------------------------------------------- | ----------------------------------------------- |
| **OpenAI (GPT models)**                           | **Microsoft Azure – Azure OpenAI Service** | Strongest enterprise compliance ecosystem and Microsoft integrations | SaaS platforms, enterprise assistants, copilots |
| **Anthropic / Multi-model (Claude, Llama, etc.)** | **AWS – Amazon Bedrock**                   | Model flexibility + strong AWS infrastructure security               | AI platforms needing multiple model options     |
| **Google Gemini**                                 | **Google Cloud – Vertex AI**               | Advanced ML ecosystem and deep Google AI stack                       | data-heavy AI pipelines and ML teams            |

---

# 1. Best Overall: OpenAI on Microsoft Azure

**Recommended stack**

```
Azure OpenAI Service
+ Azure Kubernetes / Azure Functions
+ Azure AI Search (RAG)
+ Azure Key Vault
+ Azure Entra ID (IAM)
+ Azure Private Networking
```

### Why this is usually the best enterprise option

**1️⃣ Enterprise compliance**

Azure OpenAI inherits Microsoft’s enterprise certifications such as:

* SOC 2
* HIPAA
* FedRAMP
* GDPR compliance
* regional data residency options ([Redress Compliance][1])

This makes it much easier for regulated industries like:

* finance
* healthcare
* government

**2️⃣ Data protection**

* Prompts and responses stay **within your Azure tenant**
* Data **is not used for model training**
* Private endpoints and VNet isolation supported ([docs.stack-ai.com][2])

**3️⃣ Enterprise identity & security**

You get native integration with:

* **Azure Entra ID (AAD)**
* RBAC
* Private networking
* Key Vault
* Azure Monitor

This gives **enterprise-grade governance** out of the box.

**4️⃣ Production scalability**

Azure supports:

* provisioned throughput for predictable capacity
* very high rate limits
* integration with Azure AI Foundry for deployment pipelines ([docs.stack-ai.com][2])

---

# 2. Best for Multi-Model Flexibility: Anthropic / Llama on AWS Bedrock

**Recommended stack**

```
Amazon Bedrock
+ AWS Lambda / ECS / EKS
+ Amazon OpenSearch or Aurora
+ AWS IAM
+ VPC + PrivateLink
+ CloudWatch
```

### Why enterprises choose it

**1️⃣ Multiple model providers**

Bedrock exposes models from:

* Anthropic Claude
* Meta Llama
* Mistral
* Cohere
* Amazon Titan

via **one unified API**. ([DEV Community][3])

This means you can:

* swap models without redesigning your system
* route workloads to cheaper models
* avoid vendor lock-in. ([Redress Compliance][1])

**2️⃣ Strong AWS security**

Bedrock integrates with:

* IAM
* VPC endpoints
* CloudTrail auditing
* encryption via KMS

**3️⃣ Best for AI platform builders**

If you're building a **multi-model AI platform**, Bedrock is usually better.

---

# 3. Best for Data + ML Pipelines: Google Gemini on Vertex AI

**Recommended stack**

```
Vertex AI (Gemini models)
+ BigQuery
+ Cloud Run / GKE
+ Identity-Aware Proxy
+ Secret Manager
```

Strengths:

* best ML lifecycle tools
* deep integration with data infrastructure
* advanced AI experimentation tools

Weakness:

* enterprise governance ecosystem is not as mature as Azure or AWS.

---

# My Recommendation for Your Scenario

Because you said:

> **enterprise-grade security and compliance**

The **best default choice today is:**

**OpenAI models deployed via Azure OpenAI Service.**

Why:

* strongest compliance posture
* enterprise identity integration
* secure private networking
* easier governance
* simpler audits for regulated companies

This is why most enterprise SaaS products run:

```
OpenAI models
↓
Azure OpenAI Service
↓
Private VNet
↓
Azure AI Search + RAG
↓
Application backend
```

---

# Quick Decision Guide

Choose **Azure OpenAI** if:

* you want **GPT models**
* compliance is critical
* you use Microsoft ecosystem
* you want the simplest enterprise deployment

Choose **AWS Bedrock** if:

* you want **multiple models**
* you want vendor flexibility
* you already run infrastructure on AWS

Choose **Google Vertex AI** if:

* you are building **heavy data + ML pipelines**

---

✅ **My practical advice for startups building enterprise AI products:**

> **Azure OpenAI + Azure AI ecosystem** is currently the most straightforward path to enterprise-grade deployments.

---



if you'd like.

[1]: https://www.redresscompliance.com/aws-bedrock-vs-azure-openai-enterprise-comparison.html?utm_source=chatgpt.com ""AWS Bedrock vs Azure OpenAI Comparison | Redress Compliance""
[2]: https://docs.stack-ai.com/stack-ai/workflow-builder/llms/llms-hosted-on-azure-and-aws-bedrock?utm_source=chatgpt.com ""LLMs Hosted on Azure & AWS Bedrock | StackAI""
[3]: https://dev.to/swat_24/comparing-cloud-ai-platforms-in-2025-bedrock-azure-openai-and-gemini-4ij2?utm_source=chatgpt.com ""Comparing Cloud AI Platforms in 2025: Bedrock, Azure OpenAI, and Gemini - DEV Community"""
GEM-P01-V-7,verification,Verification,7,GEM,GOOGLE,P01,REST API and chat endpoints,2026-04-12,386,412,26,5,21,0.1923,0.0455,2,11,0.4006,0.1543,0.2463,0.6231,0.2841,"ANTHROPIC, GOOGLE, OPENAI, OTHER","I need to integrate a large language model into my backend application via REST API. Which LLM provider has the most developer-friendly API design, and which endpoint should I use?","For most backend applications, **OpenAI** remains the gold standard for developer-friendly API design. Their specification has become the ""de facto"" industry standard, so much so that most other providers (like DeepSeek, Groq, and Together AI) design their APIs to be 100% compatible with OpenAI’s SDKs.

### The Most Developer-Friendly Provider: OpenAI
While Anthropic (Claude) and Google (Gemini) are powerful, OpenAI's ecosystem is often preferred for initial integration because of:
* **Documentation & Tooling:** Their documentation is the most comprehensive, and their official libraries (Python/Node.js) are the most mature.
* **Structured Outputs:** They offer a ""JSON mode"" and ""Strict Schemas"" that guarantee the model's response will match your specific database or application schema.
* **Feature Breadth:** You get access to vision, audio, and text via a single consistent interface.

---

### The Endpoint to Use
Regardless of whether you choose OpenAI or a compatible provider, you should use the **Chat Completions** endpoint. This is the modern standard for nearly all LLM interactions (even if you aren't building a ""chatbot"").

* **REST Endpoint:** `POST https://api.openai.com/v1/chat/completions`
* **Functionality:** It handles single prompts, multi-turn conversations, and ""system instructions"" (where you define the model's persona or rules).

#### Basic Request Example (JSON)
```json
{
  ""model"": ""gpt-4o"",
  ""messages"": [
    { ""role"": ""system"", ""content"": ""You are a helpful assistant that returns data in JSON format."" },
    { ""role"": ""user"", ""content"": ""Analyze the sentiment of this review: 'The service was excellent!'"" }
  ],
  ""response_format"": { ""type"": ""json_object"" }
}
```

---

### Comparison Summary
If OpenAI doesn't fit your needs, here is how the others stack up as of 2026:

| Provider | Best For... | Developer Experience Note |
| :--- | :--- | :--- |
| **OpenAI** | General Purpose & Agents | **Standard-setter.** Best for structured data and reliability. |
| **Anthropic** | Coding & Nuance | **Messages API.** Extremely high-quality reasoning; very clean API. |
| **Google (Gemini)** | Massive Context | **Vertex AI.** Best for processing huge files (1M+ tokens) and free prototyping. |
| **DeepSeek / Groq** | Cost & Speed | **OpenAI Compatible.** You can use OpenAI's libraries; just change the `base_url`. |

**Recommendation:** Start with **OpenAI's Chat Completions API**. If you find it too expensive or need a different model later, you can swap to another provider with minimal code changes because of the shared API standard.

Are you building a specific type of application, like a customer support bot or a data extraction tool, that might require a specific structured output?"
GEM-P05-V-8,verification,Verification,8,GEM,GOOGLE,P05,Function Calling / Tool Use,2026-04-12,547,576,30,12,18,0.4000,0.0526,6,9,0.1438,0.1527,-0.0089,0.4955,0.3129,"ANTHROPIC, GOOGLE, OPENAI",Which LLM platform offers the best support for building multi-step tool-use workflows where the model decides which functions to invoke?,"In 2026, the ""best"" platform for multi-step tool use depends on whether you prioritize **reliability**, **reasoning depth**, or **ecosystem integration**. The industry has moved beyond simple ""function calling"" toward **Agentic Workflows**, where models manage their own state and error correction.

Here is the breakdown of the top platforms for autonomous tool orchestration:

### 1. Anthropic: Claude 4.6 (Best for Reliability & Long-Running Tasks)
Anthropic has become the gold standard for workflows that require **high-fidelity instruction following** over many steps.
* **The Edge:** Claude Opus 4.6 is often cited as the most ""conservative"" model—it is less likely to hallucinate a tool call and more likely to pause and ask for clarification if a step is ambiguous.
* **MCP Support:** Anthropic’s **Model Context Protocol (MCP)** is a standout feature, allowing the model to seamlessly connect to local and remote data sources (Google Drive, Slack, GitHub) without custom ""glue"" code for every integration.
* **Performance:** It excels in workflows with 50+ sequential steps where keeping track of initial constraints is critical.

### 2. OpenAI: GPT-5.4 & Responses API (Best Developer Experience)
OpenAI remains the leader in terms of **ecosystem maturity** and ease of setup.
* **The Edge:** The **Responses API** (which evolved from the Assistants API) provides a ""full-stack"" agent experience. It handles file search, code execution, and persistent threads natively.
* **Multi-Tool Orchestration:** GPT-5.4 is exceptionally fast at parallel function calling (triggering multiple tools in one turn) and has the most robust handling of complex, nested JSON responses.
* **Reasoning:** If your workflow requires the model to solve a difficult math or logic puzzle *before* deciding on a tool, the **o-series (o3/o5)** models integrated into their platform are currently unmatched.

### 3. Google Cloud: Vertex AI & Gemini 3.1 (Best for Massive Context & Search)
Google is the choice for workflows that involve **vast amounts of data** or require real-time grounding.
* **The Edge:** Gemini 3.1 Pro offers a **2-million+ token context window**, meaning you can feed an entire codebase or thousands of documents into the agent's ""working memory"" while it uses tools.
* **Native Grounding:** It features ""Google Search Grounding"" as a first-class tool, allowing the model to verify facts against the live web without you building a custom scraper.
* **Integration:** If your tools are hosted on GCP or involve BigQuery, the integration is frictionless.

---

### Comparison Table: 2026 Agentic Capabilities

| Feature | **Anthropic (Claude)** | **OpenAI (GPT)** | **Google (Gemini)** |
| :--- | :--- | :--- | :--- |
| **Primary Strength** | Precision & Safety | Speed & Maturity | Context Window & Search |
| **Tool Protocol** | MCP (Open Standard) | Responses API (Proprietary) | Vertex AI Extensions |
| **Parallel Calling** | Sequential/Careful | Native & Fast | Native & Integrated |
| **Error Recovery** | Superior | Strong | Moderate |

### Recommendation
* **For Mission-Critical Automation:** Go with **Anthropic**. Their focus on ""computer use"" and the Model Context Protocol makes for the most stable agents.
* **For Rapid Prototyping:** Use **OpenAI**. Their documentation and developer tools make it the fastest path from ""idea"" to ""working agent.""
* **For Data-Heavy Research:** Use **Google Vertex AI**. No other platform allows the agent to hold that much information in active memory while it works.

If you are building the orchestration layer yourself, **LangGraph** has emerged as the preferred framework for 2026, as it gives you more granular control over the ""loops"" and decision-making logic than the standard LangChain chains."
GEM-P09-V-9,verification,Verification,9,GEM,GOOGLE,P09,Code Execution,2026-04-12,550,584,33,10,23,0.3030,0.0417,6,10,0.2940,0.3163,-0.0223,0.4888,0.2751,"ANTHROPIC, GOOGLE, OPENAI, OTHER","Which AI platform's code interpreter is most suitable for data analysis tasks involving Python, where the model runs code and returns results?","In 2026, the AI landscape for data analysis has specialized significantly. While several platforms offer ""code execution,"" the choice depends on whether you prioritize **interactive visualization**, **complex statistical reasoning**, or **ecosystem integration**.

Here is a breakdown of the top platforms for Python-based data analysis.

---

### 1. ChatGPT (OpenAI) – Best for Visual & Interactive Analysis
ChatGPT remains the gold standard for ""Advanced Data Analysis"" (the current version of Code Interpreter). It excels at the end-to-end workflow: uploading a file, writing Python code, executing it in a sandbox, and returning both results and **visual charts**.

* **Model:** GPT-4o / GPT-5.3 (depending on your tier).
* **Key Strength:** It generates and displays images (plots, heatmaps, charts) directly in the chat.
* **Best For:** Users who want to upload a CSV/Excel file and get an immediate visual report or perform standard statistical tests (regression, ANOVA) without writing their own scripts.
* **Limitation:** It has a smaller context window compared to Gemini, which can be a bottleneck for extremely large datasets.

### 2. Julius AI – Best ""Purpose-Built"" Data Analyst
Unlike general-purpose LLMs, **Julius AI** is an AI-native platform designed specifically for data science. It uses Python under the hood but optimizes the interface for data workflows.

* **Key Strength:** It is more robust than ChatGPT at handling messy data and complex animations/GIS data. It also exports code directly to Jupyter notebooks.
* **Best For:** Professional data analysts who need a dedicated workspace rather than a general chat interface.

### 3. Claude (Anthropic) – Best for Complex Reasoning & Clean Code
While Claude (using the **Analysis Tool**) can run Python code, its real edge is the **quality of the code** and its reasoning.

* **Model:** Claude 3.5 Sonnet / Claude 4.6 Opus.
* **Key Strength:** Clean, production-ready Python code. Claude's large context window (200k+ tokens) allows it to ""read"" more of your data structure or documentation before it even starts writing code.
* **Best For:** Debugging complex data pipelines or writing scripts that you intend to move into a professional IDE like VS Code later.

### 4. Gemini (Google) – Best for Large Datasets & Ecosystem
Gemini’s ""Code Execution"" feature is highly efficient for users already embedded in Google Cloud or Workspace.

* **Model:** Gemini 1.5 Pro / Gemini 3.
* **Key Strength:** **Massive Context Window.** With a 1M to 2M token limit, Gemini can process entire databases or hundreds of files in a single prompt—something ChatGPT and Claude cannot yet do without ""chunking"" the data.
* **Best For:** Large-scale analysis where you need to reference thousands of rows of data across multiple files simultaneously.

---

### Comparison Summary

| Feature | **ChatGPT** | **Claude** | **Gemini** | **Julius AI** |
| :--- | :--- | :--- | :--- | :--- |
| **Primary Strength** | Interactive charts | Precise code & reasoning | Massive datasets | Dedicated DS workflow |
| **File Handling** | Excellent (Multi-file) | Good | Best (via Drive/1M+ tokens) | Excellent (SQL/CSV) |
| **Output Type** | Text + Images + Files | Text + Executable Code | Text + Code + Drive Sync | Reports + Charts + Code |
| **Best User** | Casual/Business User | Developer/Researcher | Enterprise/Big Data | Data Professional |

### Recommendation
* If you want to **see a chart** of your sales trends immediately: **ChatGPT**.
* If you need to analyze a **massive 50MB dataset** in one go: **Gemini**.
* If you are building a **complex data model** and need the most reliable code: **Claude**."
GEM-P13-V-10,verification,Verification,10,GEM,GOOGLE,P13,IDE Integration,2026-04-12,646,669,35,15,20,0.4286,0.0476,9,14,0.2088,0.1596,0.0492,0.5246,0.3303,"ANTHROPIC, GOOGLE, OPENAI, OTHER","How do tools like Codex, Claude Code, and Gemini Code Assist compare in terms of developer workflow and cross-editor support?","As of early 2026, the landscape for AI coding assistants has shifted significantly, with OpenAI, Anthropic, and Google each offering specialized tools that cater to different parts of the development cycle.

### **Core Comparison: Workflow & Philosophy**

| Feature | **Claude Code** (Anthropic) | **Codex CLI** (OpenAI) | **Gemini Code Assist** (Google) |
| :--- | :--- | :--- | :--- |
| **Primary Workflow** | **Autonomous Agentic.** Focuses on complex, multi-file refactors and deep architectural reasoning. | **Speed & Action.** High-velocity command-line execution, project scaffolding, and CI/CD automation. | **Ecosystem-Integrated.** Best for ""Full-Stack Google"" (Android, Firebase, Google Cloud) workflows. |
| **Context Window** | **1M+ tokens.** Can ""see"" and reason across massive repositories in a single session. | **Dynamic / Variable.** Uses GPT-5/5.4 models; highly optimized for immediate token-to-code speed. | **1M tokens.** Deeply integrated with Google's codebase search and historical project context. |
| **Best For...** | Hairy, multi-file bugs and production-ready frontend design. | Rapid prototyping, terminal automation, and DevOps scripting. | Android development and cloud resource management. |

---

### **1. Developer Workflow**
The workflow differences are defined by how much ""agency"" you give the tool:

* **Claude Code:** Operates as a ""thinking"" partner. It is known for its **Checkpointing** feature, which allows you to run a long task (like a major refactor) and safely roll back changes to any specific task point. It also uses a unique `CLAUDE.md` file at the project root to follow strict project-specific rules, making it very consistent for team-wide standards.
* **Codex CLI:** Optimized for developers who live in the terminal. It is built for **execution**. It excels at taking a natural language prompt and instantly creating project structures, running Docker sandboxes, or setting up deployment pipelines. It feels like an extension of the shell rather than a separate chat window.
* **Gemini Code Assist:** Primarily a **productivity booster** within an IDE. Its workflow is characterized by ""Smart Actions""—one-click transformations like ""Explain this code"" or ""Generate unit tests."" It also includes native ""Gemini in Firebase"" and ""Gemini in Cloud Console"" support, allowing you to troubleshoot production crashes or database schemas directly from the IDE.

### **2. Cross-Editor & IDE Support**
While all three tools started with a heavy focus on the terminal (CLI), they have branched out into IDEs:

* **Gemini Code Assist:** Has the widest ""traditional"" IDE footprint. It is natively integrated into **Android Studio**, **IntelliJ IDEA**, **PyCharm**, and **VS Code**. It is specifically optimized for JetBrains environments, though some users report performance overhead in those plugins.
* **Claude Code:** Historically a CLI-first tool, it launched a **native VS Code extension** in late 2025. This extension supports ""Code Actions,"" allowing for direct inline edits and workspace-wide context awareness without switching to a terminal. It also supports the **Model Context Protocol (MCP)**, allowing it to connect to external data sources like Jira or GitHub autonomously.
* **Codex CLI:** Focuses on the **Terminal and Browser**. While it powers various third-party IDE extensions via its API, OpenAI’s official focus remains on the CLI and its ""ChatGPT Business"" integration. It is often used in combination with web-based IDEs or as the engine behind specialized tools like **Cursor**.

### **3. Extensibility (The ""Skills"" Factor)**
A major trend in 2026 is the **Universal `SKILL.md` format**. 
* **Claude Code** leads here, with a massive ecosystem of ""Skills"" (e.g., frontend design systems, pen-testing agents) that can be added via `npx skills add`. 
* **Gemini** and **Codex** also support MCP, meaning you can plug in the same ""knowledge connectors"" across tools, though Claude’s community-driven skill library is currently the most mature.

### **Summary Verdict**
* Choose **Claude Code** if you are working on a large, complex codebase and need a tool that ""understands"" how a change in file A affects file B.
* Choose **Codex CLI** if you want the fastest way to generate boilerplate or automate your local environment and CI/CD flows.
* Choose **Gemini Code Assist** if you are a professional Android or Cloud developer who wants AI deeply woven into your existing Google-centric toolchain."
GEM-P18-V-11,verification,Verification,11,GEM,GOOGLE,P18,Model Tiers & Selection,2026-04-12,517,547,28,6,22,0.2143,0.0435,3,11,0.4409,0.3188,0.1221,0.5610,0.2702,"ANTHROPIC, GOOGLE, OPENAI, OTHER",I need to deploy an LLM-powered application with enterprise-grade security and compliance on a major cloud provider. Which AI provider and cloud platform combination would you recommend?,"Choosing the right combination depends heavily on your existing data ecosystem and specific compliance requirements. In 2026, the ""Big Three"" cloud providers have matured their AI offerings to include robust security ""firewalls"" that ensure your data is never used to train their foundational models.

Here is a breakdown of the top recommendations based on your enterprise needs:

## Top Recommendations by Use Case

| Requirement | Recommended Combination | Key Advantage |
| :--- | :--- | :--- |
| **Highest Compliance** | **Azure OpenAI** on **Microsoft Azure** | Best-in-class for regulated industries (Finance, Gov) with deep HIPAA and FedRAMP maturity. |
| **Model Flexibility** | **AWS Bedrock** on **Amazon Web Services** | Access to models from Anthropic, Meta, and Mistral via a single secure API. |
| **Data & Analytics** | **Vertex AI** on **Google Cloud (GCP)** | Seamless integration if your data lives in BigQuery; superior multimodal (video/audio) reasoning. |

---

## 1. Microsoft Azure + Azure OpenAI
If your organization is already integrated with the Microsoft 365 ecosystem, this is the most ""frictionless"" path for a CISO's approval.
* **Security:** Uses **Azure Private Link** to keep all traffic off the public internet. It utilizes **Managed Identities** for passwordless authentication between your app and the model.
* **Compliance:** Azure typically leads in certification depth (SOC 1/2/3, ISO 27001, HIPAA, and HITRUST).
* **Model Depth:** Provides the most stable enterprise access to the latest OpenAI models (e.g., GPT-5 or o1 series) with strictly governed data residency.

## 2. AWS + Amazon Bedrock
Bedrock is designed for developers who want to avoid ""provider lock-in"" while maintaining a hardened security posture.
* **Security:** Bedrock is ""serverless"" but runs within your **VPC (Virtual Private Cloud)**. Data is encrypted at rest using your own **KMS (Key Management Service)** keys.
* **Governance:** **Guardrails for Amazon Bedrock** allow you to implement PII (Personally Identifiable Information) redaction and content filtering at the platform level, before it ever reaches your application code.
* **Variety:** Ideal if you want to swap between Claude 3.5/4 (for reasoning) and Llama 3/4 (for cost-efficiency) without changing your underlying infrastructure.

## 3. Google Cloud + Vertex AI
Vertex AI is the strongest choice if your application relies on massive datasets or complex multimodal inputs.
* **Security:** Features **VPC Service Controls** which create a security perimeter around your AI resources to prevent data exfiltration.
* **Data Governance:** If you use **BigQuery**, you can run LLMs directly on your data without moving it, reducing the ""surface area"" for potential security breaches.
* **Compliance:** Google has caught up significantly, offering robust BAAs (Business Associate Agreements) for healthcare and extensive ISO/SOC coverage.

---

### Critical Security Checkpoints for Your Deployment
Regardless of the provider you choose, ensure your architecture includes these three ""non-negotiables"":

1.  **Private Endpoints:** Ensure your application communicates with the LLM via a private backbone (e.g., Azure Private Link or AWS PrivateLink) rather than the public API.
2.  **Customer-Managed Encryption Keys (CMEK):** Always use your own keys to encrypt the prompts and cached data stored by the provider.
3.  **Zero-Retention Policies:** For highly sensitive data, verify that the provider’s ""logging"" or ""abuse monitoring"" features are either disabled or configured for zero-retention (often requires a specific enterprise agreement).

**Which cloud provider is your organization currently using for its primary data or infrastructure?**"
CLA-P01-V-12,verification,Verification,12,CLA,ANTHROPIC,P01,REST API and chat endpoints,2026-04-12,300,314,13,13,0,1.0000,1.0000,7,0,0.0900,0.0000,0.0900,0.5450,0.8398,ANTHROPIC,"I need to integrate a large language model into my backend application via REST API. Which LLM provider has the most developer-friendly API design, and which endpoint should I use?","Great question. Here’s a practical breakdown:

## The Most Developer-Friendly LLM API

**Anthropic’s Claude API** is widely regarded as one of the most intuitive REST API designs for LLM integration. The Messages API has a clean, consistent structure that’s easy to reason about.

### The Endpoint to Use

The Claude API is a RESTful API at `https://api.anthropic.com`. The primary endpoint for chat/completions is the **Messages API**. 

**Core endpoint:**

```
POST https://api.anthropic.com/v1/messages
```

Every request requires your API key in the header (`x-api-key`), which you can get through the Console. Each key is scoped to a Workspace. 

### Minimal Working Example (curl)

```bash
curl https://api.anthropic.com/v1/messages \
  --header ""x-api-key: $ANTHROPIC_API_KEY"" \
  --header ""anthropic-version: 2023-06-01"" \
  --header ""content-type: application/json"" \
  --data '{
    ""model"": ""claude-sonnet-4-6"",
    ""max_tokens"": 1024,
    ""messages"": [
      {""role"": ""user"", ""content"": ""Hello!""}
    ]
  }'
```

### Other Useful Endpoints

Beyond the core Messages endpoint, the API also offers a **Message Batches API** (`POST /v1/messages/batches`) for processing large volumes asynchronously at 50% cost reduction, a **Token Counting API** (`POST /v1/messages/count_tokens`) to count tokens before sending, and a **Models API** (`GET /v1/models`) to list available models and their details. 

### Why It’s Developer-Friendly

**Clean message structure** — each input message is simply an object with a `role` and `content`. You can pass a single user message or a full multi-turn conversation history, and consecutive turns of the same role are automatically combined. 

**System prompt as a top-level field** — there’s no “system” role in the messages array; system prompts go in a dedicated top-level `system` parameter, which keeps the design unambiguous. 

**Official SDKs** — Anthropic provides official SDKs that handle authentication, request formatting, and error handling automatically. For Python, it’s as simple as calling `client.messages.create()`. 

**Recommended model to start with:** `claude-sonnet-4-6` — it’s a smart, efficient model suited for everyday tasks, and you can query model capabilities and token limits programmatically via the Models API. 

Full API reference: [docs.anthropic.com/en/api/messages](https://docs.anthropic.com/en/api/messages)"
CLA-P05-V-13,verification,Verification,13,CLA,ANTHROPIC,P05,Function Calling / Tool Use,2026-04-12,356,366,7,3,4,0.4286,0.2000,3,2,0.3048,0.2553,0.0495,0.5248,0.3806,"ANTHROPIC, OPENAI",Which LLM platform offers the best support for building multi-step tool-use workflows where the model decides which functions to invoke?,"Great question — and the answer splits into two parts: **which model** and **which framework/platform** to build on.

-----

## Best Model for Multi-Step Tool Use

For multi-step reasoning and planning, **Claude Sonnet** leads among frontier models, maintaining the strongest goal coherence across 20 sequential steps or more, with the lowest task drift on long-horizon workflows. 

A key challenge in agentic workflows is that a model needs to populate tool arguments correctly, handle ambiguous inputs gracefully, recover when a tool returns unexpected output, and know *when not* to call a tool — not just which tool to call.  Claude scores well on all of these dimensions.

**GPT-5** (OpenAI) is also a strong all-around choice for high-throughput production workflows and multi-tool orchestration, particularly for teams embedded in the OpenAI ecosystem. 

-----

## Best Frameworks for Building These Workflows

The current consensus is to go “native” where possible — frontier models now handle function calling, memory management, and multi-step reasoning natively, and frameworks that add abstraction overhead solve 2023-era problems. Reserve heavier frameworks for one use case: complex cyclical workflows requiring graph-based state management. 

For when you do need a framework:

- **LangGraph** — takes a graph-based approach where each agent is a node maintaining its own state, connected through a directed graph with conditional logic, multi-team coordination, and hierarchical control.  Best for complex, stateful pipelines.
- **LangChain** — the fastest and most cost-effective option for straightforward workflows, completing tasks with minimal overhead and lowest latency among tested frameworks. 
- **CrewAI** — better suited for complex state transitions and multi-factor decision-making, though it consumes significantly more tokens and time than lighter frameworks. 
- **AutoGen** (Microsoft) — excels in code-generation workflows within the Microsoft ecosystem where standardization and reliability matter more than granular control. 

-----

## Practical Recommendation

For most teams: **Claude or GPT-5 via their native SDKs**, using the API’s built-in tool/function calling directly. If your workflow has complex branching or requires coordination between multiple agents, add **LangGraph** on top. Production teams often use two models — a smaller, faster model for routine tool calls and data retrieval, and a larger reasoning model for planning and error recovery, with the cost difference between the two tiers reaching 10–20x."
CLA-P09-V-14,verification,Verification,14,CLA,ANTHROPIC,P09,Code Execution,2026-04-12,234,258,23,5,18,0.2174,0.0526,2,4,0.6652,0.5618,0.1034,0.5517,0.2712,"ANTHROPIC, GOOGLE, OPENAI, OTHER","Which AI platform's code interpreter is most suitable for data analysis tasks involving Python, where the model runs code and returns results?","Based on my knowledge, here’s a comparison of the major AI platforms with Python code interpreter capabilities for data analysis:

**Most suitable: Claude (Anthropic)**
Claude’s code execution environment supports Python with key data science libraries (pandas, numpy, matplotlib, etc.), can iteratively run and debug code, and returns both outputs and visualizations. It’s well-suited for exploratory data analysis.

**Also strong options:**

**ChatGPT (OpenAI) — Advanced Data Analysis**

- One of the earliest and most mature code interpreter features
- Supports file uploads (CSV, Excel, etc.), runs Python, returns charts and tables
- Strong at auto-generating analysis pipelines from natural language

**Google Gemini — Code Execution**

- Integrated code execution with Python support
- Works well within Google’s ecosystem (Sheets, Colab)
- Useful when data lives in Google Drive or BigQuery

**GitHub Copilot / Cursor (IDE-based)**

- Better for writing analysis scripts than running them interactively
- No built-in execution environment — relies on your local setup

**Key factors to consider:**

|Factor                         |Claude  |ChatGPT |Gemini  |
|-------------------------------|--------|--------|--------|
|File upload support            |✅       |✅       |✅       |
|Iterative debugging            |✅       |✅       |Partial |
|Chart/viz output               |✅       |✅       |✅       |
|Google ecosystem               |❌       |❌       |✅       |
|Long context for large datasets|✅ Strong|Moderate|✅ Strong|

**Bottom line:** For pure data analysis with Python, **ChatGPT’s Advanced Data Analysis** has the most mature and battle-tested code interpreter, but **Claude** is a strong contender with excellent reasoning for interpreting results. If you’re in the Google ecosystem, **Gemini** integrates most naturally.

The best choice depends on your workflow — would you like a recommendation based on a specific use case?​​​​​​​​​​​​​​​​"
CLA-P13-V-15,verification,Verification,15,CLA,ANTHROPIC,P13,IDE Integration,2026-04-12,540,555,39,14,25,0.3590,0.0385,12,16,0.2607,0.2402,0.0205,0.5103,0.2995,"ANTHROPIC, GOOGLE, OPENAI, OTHER","How do tools like Codex, Claude Code, and Gemini Code Assist compare in terms of developer workflow and cross-editor support?","Here’s a solid breakdown of how these three tools compare right now in 2026:

-----

## Developer Workflow

**Claude Code** is the most autonomous of the three. It reads your local filesystem, executes commands in your terminal, and manages git workflows, asking for confirmation before each change — which slows it down slightly but makes complex tasks easier to follow.  It supports multi-agent “Agent Teams” that can solve multiple problems simultaneously, with sub-agents optimized for specific concerns like backend and frontend.  Teams often use shared `CLAUDE.md` config files to standardize context and coding standards across engineers.

**OpenAI Codex** (via ChatGPT and the Codex CLI) leans toward speed and execution. It has a reputation for just getting things done with less hand-holding — faster agentic execution, strong sandbox and tool use, and it follows instructions well in multi-step projects.  It also has the tightest CI/CD integration out of the box. 

**Gemini Code Assist / Gemini CLI** defaults to a Plan Mode where the agent reads your codebase and proposes changes before making any edits.  It’s built more for speed and exploration. Developers tend to use Gemini for planning, writing specs, and breaking tasks into detailed subtasks — especially to offset Claude Code’s higher cost — while also leveraging its strong image recognition for turning UI sketches into code. 

-----

## Context Window

The context window gap has largely closed. Both Claude Code and Gemini CLI now support 1M tokens, following Claude’s general availability at standard pricing in March 2026.  Codex CLI provides 128K–200K tokens, using repository mapping to enhance code retrieval. 

-----

## Cross-Editor / Platform Support

Claude Code CLI installs from npm with a single command and is configured via an Anthropic API key. Gemini Code Assist installs as a VS Code extension with one click and a Google sign-in. Codex is accessible through the ChatGPT web interface with no local installation required. 

Claude Code works on macOS and Linux natively, with Windows support through WSL2. Codex CLI is open source and built in Rust for speed.  Claude Code now also integrates directly with Xcode.  Gemini CLI runs on macOS, Linux, Windows, and even Google Cloud Shell (pre-installed).

-----

## Code Quality & Sweet Spots

Claude Code leads for complex multi-file refactoring, Gemini CLI wins when you need to hold an entire monorepo in context, and Codex CLI is strongest for intent-driven single-file tasks. 

In code review specifically, Claude tends to walk the call chain top-to-bottom and focuses on “boring” paths like error handling and retries — where real bugs often hide. Gemini starts with a strong verdict and works backwards from a design angle. Codex is quieter, but when it flags something, it’s concrete and actionable. 

-----

## Pricing

Gemini CLI wins on value with its generous free tier. Codex CLI offers open-source flexibility — if you already have a ChatGPT subscription, the additional cost is minimal. Claude Code is the most expensive but delivers the most capable reasoning. 

-----

## Bottom Line

For solo developers, Gemini CLI is a strong starting point (free, real quality, 1M context). Add Codex when you need faster iteration. Reach for Claude Code when you hit problems that require deeper reasoning — and you will hit those problems. For teams, the 2026 enterprise pattern is standardizing on Claude Code with shared config files for consistent output across engineers."
CLA-P18-V-16,verification,Verification,16,CLA,ANTHROPIC,P18,Enterprise & Cloud Deployment,2026-04-12,317,355,25,4,21,0.1600,0.0455,3,5,0.8755,0.6131,0.2624,0.6312,0.2761,"ANTHROPIC, GOOGLE, OPENAI, OTHER",I need to deploy an LLM-powered application with enterprise-grade security and compliance on a major cloud provider. Which AI provider and cloud platform combination would you recommend?,"Here’s a practical breakdown to help you decide:

## Key Dimensions to Evaluate

**Regulatory requirements first** — your compliance needs (HIPAA, FedRAMP, SOC 2, GDPR, PCI-DSS) will often determine the short list more than any other factor.

-----

## Top Combinations to Consider

**1. Anthropic Claude + AWS (via Amazon Bedrock)**

- Strong SOC 2, HIPAA, and FedRAMP (in progress) coverage
- Private model invocation via VPC endpoints — data doesn’t leave your network
- Fine-grained IAM, CloudTrail audit logs, PrivateLink
- Best if you’re already AWS-native or need tight AWS service integrations

**2. Azure OpenAI Service (GPT-4/o-series)**

- Strongest compliance portfolio: FedRAMP High, DoD IL2–IL5, HIPAA, PCI-DSS
- Best choice for regulated industries (government, healthcare, finance)
- Your data is isolated — Microsoft doesn’t train on it by default
- Native integration with Microsoft Defender, Purview (data governance), Entra ID

**3. Google Vertex AI (Gemini)**

- Excellent if you’re GCP-native or need multimodal/BigQuery integration
- Strong compliance (SOC 2, HIPAA, ISO 27001), but FedRAMP coverage lags Azure slightly
- VPC Service Controls for network isolation

-----

## Decision Framework

|Priority                          |Recommended Combo                               |
|----------------------------------|------------------------------------------------|
|Strictest compliance (gov/defense)|Azure OpenAI (GPT-4)                            |
|AWS-native infrastructure         |Claude on Bedrock                               |
|GCP-native / multimodal workloads |Vertex AI (Gemini)                              |
|Multi-cloud / model flexibility   |Bedrock or Vertex (both support multiple models)|

-----

## Non-Negotiables for Any Choice

Regardless of provider, make sure you have:

- **Data residency controls** — know exactly where inference happens
- **No training on your prompts/responses** — confirm via contract/DPA
- **Private endpoints** — no public internet exposure for inference
- **Audit logging** — every API call logged and exportable to your SIEM
- **Customer-managed encryption keys (CMEK)**

-----

## My Recommendation

If you’re greenfield and compliance-sensitive, **Azure OpenAI** has the most mature enterprise security posture today. If you’re AWS-native, **Claude on Bedrock** is a strong second with excellent privacy commitments and rapidly improving compliance certifications. Avoid locking into a single model provider if you can — Bedrock and Vertex both let you swap models with less friction.

Want me to go deeper on any specific compliance framework (HIPAA, FedRAMP, SOC 2) or a particular cloud?​​​​​​​​​​​​​​​​"
